date,solutions
2026-01-01,2562
2026-01-02,3237
2026-01-03,1870
2026-01-04,2148
2026-01-05,1040
2026-01-06,2078
2026-01-07,4286
2026-01-08,3022
2026-01-09,2185
2026-01-10,3063
2026-01-11,1326
2026-01-12,873
2026-01-13,6358
2026-01-14,1776
2026-01-15,3468
2026-01-16,2181
2026-01-17,3624
2026-01-18,1568
2026-01-19,1320
2026-01-20,5410
2026-01-21,1905
2026-01-22,3923
2026-01-23,3147
2026-01-24,2789
2026-01-25,2188
2026-01-26,2056
2026-01-27,4815
2026-01-28,4614
2026-01-29,6464
2026-01-30,2185
2026-01-31,2067
2026-02-01,2062
2026-02-02,855
2026-02-03,2846
2026-02-04,1378
2026-02-05,1975
2026-02-06,618
2026-02-07,4932
2026-02-08,979
2026-02-09,816
2026-02-10,2877
2026-02-11,1185
2026-02-12,1280
2026-02-13,1882
2026-02-14,2015
2026-02-15,1287
2026-02-16,917
2026-02-17,2678
2026-02-18,1157
2026-02-19,2065
2026-02-20,1451
2026-02-21,1986
2026-02-22,1260
2026-02-23,1222
2026-02-24,3185
2026-02-25,1441
2026-02-26,2535
2026-02-27,638
2026-02-28,2109
2026-03-01,264
2026-03-02,513
2026-03-03,1913
2026-03-04,1148
2026-03-05,709
2026-03-06,431
2026-03-07,3600
2026-03-08,553
2026-03-09,778
2026-03-10,1696
2026-03-11,929
2026-03-12,1148
2026-03-13,1350
2026-03-14,1035
2026-03-15,1035
2026-03-16,734
2026-03-17,2016
2026-03-18,869
2026-03-19,1542
2026-03-20,1115
2026-03-21,1290
2026-03-22,1040
2026-03-23,1021
2026-03-24,1887
2026-03-25,1189
2026-03-26,1673
2026-03-27,393
2026-03-28,1291
2026-03-29,1308
2026-03-30,670
2026-03-31,1404
2026-04-01,1124
2026-04-02,1369
2026-04-03,1047
2026-04-04,2471
2026-04-05,947
2026-04-06,97
2026-04-07,3823
2026-04-08,661
2026-04-09,1807
2026-04-10,879
2026-04-11,1465
2026-04-12,691
2026-04-13,816
2026-04-14,2279
2026-04-15,1176
2026-04-16,1884
2026-04-17,1029
2026-04-18,1262
2026-04-19,1002
2026-04-20,1068
2026-04-21,3394
2026-04-22,1165
2026-04-23,3570
2026-04-24,1275
2026-04-25,1655
2026-04-26,709
2026-04-27,113
2026-04-28,1659
2026-04-29,2074
2026-04-30,2126
2026-05-01,1569
2026-05-02,2504
2026-05-03,1036
2026-05-04,845
2026-05-05,2018
2026-05-06,1181
2026-05-07,4450
2026-05-08,1058
2026-05-09,2056
2026-05-10,992
2026-05-11,677
2026-05-12,1812
2026-05-13,1926
2026-05-14,3028
2026-05-15,1408
2026-05-16,2227
2026-05-17,1187
2026-05-18,744
2026-05-19,3175
2026-05-20,1754
2026-05-21,2353
2026-05-22,1223
2026-05-23,3904
2026-05-24,877
2026-05-25,389
2026-05-26,2054
2026-05-27,194
2026-05-28,513
2026-05-29,2505
2026-05-30,2631
2026-05-31,2570
2026-06-01,788
2026-06-02,4455
2026-06-03,2189
2026-06-04,1587
2026-06-05,2389
2026-06-06,975
2026-06-07,4751
2026-06-08,911
2026-06-09,3918
2026-06-10,1562
2026-06-11,2239
2026-06-12,1397
2026-06-13,2689
2026-06-14,944
2026-06-15,1030
2026-06-16,4270
2026-06-17,2216
2026-06-18,1762
2026-06-19,1999
2026-06-20,2415
2026-06-21,850
2026-06-22,1120
2026-06-23,6255
2026-06-24,1840
2026-06-25,2425
2026-06-26,2665
2026-06-27,2833
2026-06-28,2442
2026-06-29,1517
2026-06-30,4397
2026-07-01,3218
2026-07-02,647
2026-07-03,1081
2026-07-04,2615
2026-07-05,1259
2026-07-06,328
2026-07-07,5466
2026-07-08,1455
2026-07-09,2816
2026-07-10,1060
2026-07-11,1810
2026-07-12,1012
2026-07-13,1253
2026-07-14,2245
2026-07-15,1266
2026-07-16,1718
2026-07-17,1011
2026-07-18,1463
2026-07-19,1579
2026-07-20,1132
2026-07-21,4190
2026-07-22,1397
2026-07-23,3438
2026-07-24,1255
2026-07-25,2255
2026-07-26,961
2026-07-27,159
2026-07-28,1577
2026-07-29,2750
2026-07-30,2566
2026-07-31,536
2026-08-01,2021
2026-08-02,1795
2026-08-03,726
2026-08-04,4377
2026-08-05,1631
2026-08-06,1420
2026-08-07,3409
2026-08-08,3955
2026-08-09,1615
2026-08-10,1274
2026-08-11,3140
2026-08-12,1815
2026-08-13,4259
2026-08-14,1395
2026-08-15,2560
2026-08-16,1059
2026-08-17,866
2026-08-18,3014
2026-08-19,1826
2026-08-20,4821
2026-08-21,1130
2026-08-22,2741
2026-08-23,4263
2026-08-24,1470
2026-08-25,3824
2026-08-26,1768
2026-08-27,2838
2026-08-28,3335
2026-08-29,5536
2026-08-30,1636
2026-08-31,820
2026-09-01,2214
2026-09-02,527
2026-09-03,2018
2026-09-04,672
2026-09-05,1294
2026-09-06,438
2026-09-07,1253
2026-09-08,1740
2026-09-09,1415
2026-09-10,1882
2026-09-11,1104
2026-09-12,1083
2026-09-13,1565
2026-09-14,1019
2026-09-15,3011
2026-09-16,1226
2026-09-17,1951
2026-09-18,742
2026-09-19,2175
2026-09-20,1118
2026-09-21,820
2026-09-22,2688
2026-09-23,2092
2026-09-24,1555
2026-09-25,770
2026-09-26,1312
2026-09-27,810
2026-09-28,332
2026-09-29,4278
2026-09-30,1499
2026-10-01,2024
2026-10-02,1069
2026-10-03,924
2026-10-04,1276
2026-10-05,143
2026-10-06,826
2026-10-07,2087
2026-10-08,1433
2026-10-09,873
2026-10-10,1399
2026-10-11,882
2026-10-12,442
2026-10-13,2989
2026-10-14,709
2026-10-15,1711
2026-10-16,1013
2026-10-17,1580
2026-10-18,835
2026-10-19,732
2026-10-20,2419
2026-10-21,897
2026-10-22,2090
2026-10-23,1257
2026-10-24,1383
2026-10-25,990
2026-10-26,1098
2026-10-27,2391
2026-10-28,2619
2026-10-29,3267
2026-10-30,927
2026-10-31,1186
2026-11-01,1442
2026-11-02,914
2026-11-03,3715
2026-11-04,1081
2026-11-05,4422
2026-11-06,314
2026-11-07,7346
2026-11-08,1106
2026-11-09,1029
2026-11-10,3371
2026-11-11,1842
2026-11-12,2228
2026-11-13,2543
2026-11-14,2767
2026-11-15,1924
2026-11-16,1215
2026-11-17,4040
2026-11-18,1402
2026-11-19,3082
2026-11-20,1960
2026-11-21,3349
2026-11-22,1854
2026-11-23,1496
2026-11-24,3752
2026-11-25,1633
2026-11-26,3424
2026-11-27,720
2026-11-28,3316
2026-11-29,3369
2026-11-30,1052
2026-12-01,2706
2026-12-02,1161
2026-12-03,2176
2026-12-04,1185
2026-12-05,407
2026-12-06,1278
2026-12-07,1362
2026-12-08,2351
2026-12-09,1276
2026-12-10,1686
2026-12-11,1064
2026-12-12,1725
2026-12-13,1706
2026-12-14,1310
2026-12-15,2937
2026-12-16,1426
2026-12-17,2000
2026-12-18,1076
2026-12-19,2548
2026-12-20,1035
2026-12-21,589
2026-12-22,2983
2026-12-23,2386
2026-12-24,2258
2026-12-25,765
2026-12-26,1221
2026-12-27,724
2026-12-28,453
2026-12-29,5114
2026-12-30,1483
2026-12-31,2485
2027-01-01,1744
2027-01-02,4802
2027-01-03,1168
2027-01-04,1599
2027-01-05,4129
2027-01-06,924
2027-01-07,6911
2027-01-08,1995
2027-01-09,3229
2027-01-10,1919
2027-01-11,992
2027-01-12,3108
2027-01-13,2832
2027-01-14,4296
2027-01-15,2472
2027-01-16,3238
2027-01-17,2098
2027-01-18,1284
2027-01-19,5465
2027-01-20,3402
2027-01-21,3322
2027-01-22,2388
2027-01-23,6055
2027-01-24,1290
2027-01-25,772
2027-01-26,3884
2027-01-27,249
2027-01-28,679
2027-01-29,4365
2027-01-30,4029
2027-01-31,3735
2027-02-01,1473
2027-02-02,3347
2027-02-03,1451
2027-02-04,2117
2027-02-05,1293
2027-02-06,1103
2027-02-07,3018
2027-02-08,779
2027-02-09,2848
2027-02-10,1343
2027-02-11,1930
2027-02-12,922
2027-02-13,3185
2027-02-14,1412
2027-02-15,832
2027-02-16,3475
2027-02-17,1555
2027-02-18,1786
2027-02-19,1378
2027-02-20,2642
2027-02-21,1006
2027-02-22,838
2027-02-23,4351
2027-02-24,1491
2027-02-25,2117
2027-02-26,1982
2027-02-27,2778
2027-02-28,2005
2027-03-01,136
2027-03-02,1764
2027-03-03,1035
2027-03-04,1589
2027-03-05,492
2027-03-06,612
2027-03-07,1671
2027-03-08,533
2027-03-09,2283
2027-03-10,906
2027-03-11,1263
2027-03-12,602
2027-03-13,1819
2027-03-14,603
2027-03-15,742
2027-03-16,1900
2027-03-17,1223
2027-03-18,1195
2027-03-19,1164
2027-03-20,1636
2027-03-21,626
2027-03-22,510
2027-03-23,3090
2027-03-24,1002
2027-03-25,1559
2027-03-26,1283
2027-03-27,2104
2027-03-28,995
2027-03-29,790
2027-03-30,2327
2027-03-31,861
2027-04-01,1594
2027-04-02,867
2027-04-03,1811
2027-04-04,1112
2027-04-05,624
2027-04-06,363
2027-04-07,1777
2027-04-08,1228
2027-04-09,985
2027-04-10,1643
2027-04-11,761
2027-04-12,413
2027-04-13,2891
2027-04-14,1080
2027-04-15,1838
2027-04-16,1227
2027-04-17,1886
2027-04-18,807
2027-04-19,589
2027-04-20,2778
2027-04-21,936
2027-04-22,2250
2027-04-23,1547
2027-04-24,1568
2027-04-25,877
2027-04-26,1048
2027-04-27,2267
2027-04-28,2067
2027-04-29,3258
2027-04-30,1170
2027-05-01,2511
2027-05-02,1279
2027-05-03,705
2027-05-04,2954
2027-05-05,1120
2027-05-06,1797
2027-05-07,2626
2027-05-08,1745
2027-05-09,945
2027-05-10,662
2027-05-11,2500
2027-05-12,1317
2027-05-13,3164
2027-05-14,1000
2027-05-15,2036
2027-05-16,892
2027-05-17,651
2027-05-18,2162
2027-05-19,1307
2027-05-20,2686
2027-05-21,1049
2027-05-22,2446
2027-05-23,2927
2027-05-24,855
2027-05-25,2706
2027-05-26,1097
2027-05-27,1932
2027-05-28,2569
2027-05-29,3654
2027-05-30,1274
2027-05-31,562
2027-06-01,3537
2027-06-02,1938
2027-06-03,2978
2027-06-04,1232
2027-06-05,2429
2027-06-06,821
2027-06-07,3102
2027-06-08,4079
2027-06-09,1898
2027-06-10,1968
2027-06-11,1619
2027-06-12,1754
2027-06-13,2480
2027-06-14,870
2027-06-15,4245
2027-06-16,1999
2027-06-17,2667
2027-06-18,1462
2027-06-19,2308
2027-06-20,1239
2027-06-21,824
2027-06-22,4333
2027-06-23,3690
2027-06-24,2635
2027-06-25,1076
2027-06-26,1343
2027-06-27,1066
2027-06-28,535
2027-06-29,7025
2027-06-30,2485
2027-07-01,4872
2027-07-02,355
2027-07-03,1836
2027-07-04,1338
2027-07-05,641
2027-07-06,1357
2027-07-07,2713
2027-07-08,2085
2027-07-09,1419
2027-07-10,1480
2027-07-11,1230
2027-07-12,581
2027-07-13,3552
2027-07-14,1204
2027-07-15,1720
2027-07-16,977
2027-07-17,2384
2027-07-18,1120
2027-07-19,799
2027-07-20,2916
2027-07-21,907
2027-07-22,2127
2027-07-23,1377
2027-07-24,2303
2027-07-25,1819
2027-07-26,1535
2027-07-27,3266
2027-07-28,3699
2027-07-29,4252
2027-07-30,998
2027-07-31,1423
2027-08-01,891
2027-08-02,1273
2027-08-03,2223
2027-08-04,2371
2027-08-05,2578
2027-08-06,536
2027-08-07,7694
2027-08-08,1580
2027-08-09,1057
2027-08-10,3903
2027-08-11,1619
2027-08-12,2440
2027-08-13,2448
2027-08-14,2723
2027-08-15,1588
2027-08-16,1289
2027-08-17,3557
2027-08-18,1693
2027-08-19,3239
2027-08-20,1831
2027-08-21,3224
2027-08-22,1546
2027-08-23,1644
2027-08-24,3534
2027-08-25,2075
2027-08-26,3484
2027-08-27,626
2027-08-28,2953
2027-08-29,3003
2027-08-30,1174
2027-08-31,3333
2027-09-01,1072
2027-09-02,927
2027-09-03,1672
2027-09-04,1288
2027-09-05,757
2027-09-06,297
2027-09-07,4153
2027-09-08,853
2027-09-09,2170
2027-09-10,896
2027-09-11,1729
2027-09-12,574
2027-09-13,1101
2027-09-14,2277
2027-09-15,1386
2027-09-16,1879
2027-09-17,992
2027-09-18,1350
2027-09-19,1242
2027-09-20,984
2027-09-21,3664
2027-09-22,1390
2027-09-23,3622
2027-09-24,921
2027-09-25,1743
2027-09-26,825
2027-09-27,156
2027-09-28,1591
2027-09-29,2300
2027-09-30,2477
2027-10-01,1152
2027-10-02,1643
2027-10-03,619
2027-10-04,827
2027-10-05,565
2027-10-06,372
2027-10-07,3086
2027-10-08,890
2027-10-09,1586
2027-10-10,846
2027-10-11,479
2027-10-12,1679
2027-10-13,1529
2027-10-14,1862
2027-10-15,1052
2027-10-16,1675
2027-10-17,1002
2027-10-18,674
2027-10-19,2754
2027-10-20,1518
2027-10-21,1882
2027-10-22,1058
2027-10-23,2846
2027-10-24,693
2027-10-25,348
2027-10-26,1602
2027-10-27,129
2027-10-28,372
2027-10-29,1965
2027-10-30,1888
2027-10-31,2143
2027-11-01,1041
2027-11-02,3180
2027-11-03,1816
2027-11-04,2189
2027-11-05,2892
2027-11-06,690
2027-11-07,3484
2027-11-08,935
2027-11-09,4523
2027-11-10,1517
2027-11-11,3383
2027-11-12,962
2027-11-13,3940
2027-11-14,1653
2027-11-15,1355
2027-11-16,3970
2027-11-17,2060
2027-11-18,2643
2027-11-19,1571
2027-11-20,4316
2027-11-21,1385
2027-11-22,961
2027-11-23,5869
2027-11-24,1823
2027-11-25,2660
2027-11-26,2402
2027-11-27,3994
2027-11-28,2323
2027-11-29,1945
2027-11-30,4433
2027-12-01,1245
2027-12-02,1917
2027-12-03,1191
2027-12-04,1732
2027-12-05,278
2027-12-06,876
2027-12-07,4364
2027-12-08,1319
2027-12-09,1910
2027-12-10,1030
2027-12-11,1638
2027-12-12,751
2027-12-13,1274
2027-12-14,2881
2027-12-15,1415
2027-12-16,2076
2027-12-17,1100
2027-12-18,1425
2027-12-19,1221
2027-12-20,741
2027-12-21,3567
2027-12-22,1555
2027-12-23,3949
2027-12-24,1241
2027-12-25,2040
2027-12-26,943
2027-12-27,145
2027-12-28,1471
2027-12-29,2355
2027-12-30,2324
2027-12-31,687
2028-01-01,2345
2028-01-02,3003
2028-01-03,762
2028-01-04,5020
2028-01-05,1885
2028-01-06,1522
2028-01-07,4187
2028-01-08,2630
2028-01-09,1757
2028-01-10,1464
2028-01-11,3704
2028-01-12,1780
2028-01-13,4465
2028-01-14,1732
2028-01-15,2805
2028-01-16,1562
2028-01-17,1334
2028-01-18,3655
2028-01-19,1641
2028-01-20,4602
2028-01-21,1543
2028-01-22,3781
2028-01-23,4825
2028-01-24,1616
2028-01-25,4745
2028-01-26,1818
2028-01-27,2511
2028-01-28,3996
2028-01-29,4919
2028-01-30,2762
2028-01-31,850
2028-02-01,4805
2028-02-02,1357
2028-02-03,2081
2028-02-04,1101
2028-02-05,1734
2028-02-06,713
2028-02-07,1861
2028-02-08,3051
2028-02-09,1507
2028-02-10,2052
2028-02-11,1065
2028-02-12,1511
2028-02-13,2209
2028-02-14,1142
2028-02-15,2730
2028-02-16,1631
2028-02-17,2182
2028-02-18,1111
2028-02-19,2263
2028-02-20,1329
2028-02-21,1024
2028-02-22,2832
2028-02-23,2425
2028-02-24,2426
2028-02-25,860
2028-02-26,1398
2028-02-27,1181
2028-02-28,479
2028-02-29,5856
2028-03-01,362
2028-03-02,1295
2028-03-03,1024
2028-03-04,1670
2028-03-05,366
2028-03-06,268
2028-03-07,3976
2028-03-08,998
2028-03-09,1951
2028-03-10,775
2028-03-11,1251
2028-03-12,556
2028-03-13,1112
2028-03-14,1214
2028-03-15,1133
2028-03-16,1439
2028-03-17,944
2028-03-18,1087
2028-03-19,963
2028-03-20,790
2028-03-21,2876
2028-03-22,1097
2028-03-23,3285
2028-03-24,983
2028-03-25,1515
2028-03-26,421
2028-03-27,110
2028-03-28,1122
2028-03-29,1838
2028-03-30,2070
2028-03-31,512
2028-04-01,1519
2028-04-02,723
2028-04-03,732
2028-04-04,2803
2028-04-05,1028
2028-04-06,225
2028-04-07,1751
2028-04-08,1219
2028-04-09,947
2028-04-10,654
2028-04-11,2204
2028-04-12,807
2028-04-13,1963
2028-04-14,977
2028-04-15,1602
2028-04-16,731
2028-04-17,641
2028-04-18,1854
2028-04-19,744
2028-04-20,2666
2028-04-21,800
2028-04-22,2169
2028-04-23,2221
2028-04-24,896
2028-04-25,2292
2028-04-26,901
2028-04-27,1292
2028-04-28,2088
2028-04-29,2625
2028-04-30,1309
2028-05-01,932
2028-05-02,3106
2028-05-03,1405
2028-05-04,2233
2028-05-05,939
2028-05-06,1021
2028-05-07,2773
2028-05-08,693
2028-05-09,2810
2028-05-10,1135
2028-05-11,1820
2028-05-12,917
2028-05-13,3130
2028-05-14,1205
2028-05-15,892
2028-05-16,2789
2028-05-17,1547
2028-05-18,1773
2028-05-19,1475
2028-05-20,2067
2028-05-21,829
2028-05-22,683
2028-05-23,4082
2028-05-24,1354
2028-05-25,1890
2028-05-26,1590
2028-05-27,2830
2028-05-28,1532
2028-05-29,1268
2028-05-30,3104
2028-05-31,1150
2028-06-01,2266
2028-06-02,1957
2028-06-03,2606
2028-06-04,1090
2028-06-05,1053
2028-06-06,1687
2028-06-07,4529
2028-06-08,2184
2028-06-09,1594
2028-06-10,1827
2028-06-11,1304
2028-06-12,505
2028-06-13,5474
2028-06-14,644
2028-06-15,2544
2028-06-16,1822
2028-06-17,2460
2028-06-18,1388
2028-06-19,1018
2028-06-20,4364
2028-06-21,1326
2028-06-22,3292
2028-06-23,2531
2028-06-24,2360
2028-06-25,1451
2028-06-26,1927
2028-06-27,3491
2028-06-28,4094
2028-06-29,4295
2028-06-30,1523
2028-07-01,4869
2028-07-02,471
2028-07-03,803
2028-07-04,3167
2028-07-05,1173
2028-07-06,1197
2028-07-07,2392
2028-07-08,1993
2028-07-09,1800
2028-07-10,669
2028-07-11,2338
2028-07-12,1272
2028-07-13,3057
2028-07-14,974
2028-07-15,1470
2028-07-16,886
2028-07-17,731
2028-07-18,2171
2028-07-19,1180
2028-07-20,3154
2028-07-21,762
2028-07-22,1867
2028-07-23,2659
2028-07-24,1146
2028-07-25,2825
2028-07-26,1209
2028-07-27,1956
2028-07-28,2141
2028-07-29,3745
2028-07-30,1226
2028-07-31,476
2028-08-01,2086
2028-08-02,2269
2028-08-03,2135
2028-08-04,2025
2028-08-05,2379
2028-08-06,616
2028-08-07,2641
2028-08-08,4910
2028-08-09,1890
2028-08-10,3211
2028-08-11,1352
2028-08-12,2674
2028-08-13,2617
2028-08-14,1423
2028-08-15,3181
2028-08-16,1958
2028-08-17,3312
2028-08-18,1325
2028-08-19,3459
2028-08-20,2026
2028-08-21,1388
2028-08-22,3314
2028-08-23,3236
2028-08-24,3360
2028-08-25,1288
2028-08-26,2268
2028-08-27,1229
2028-08-28,627
2028-08-29,6765
2028-08-30,2208
2028-08-31,3910
2028-09-01,1012
2028-09-02,827
2028-09-03,1255
2028-09-04,508
2028-09-05,2005
2028-09-06,551
2028-09-07,3242
2028-09-08,910
2028-09-09,2056
2028-09-10,1008
2028-09-11,680
2028-09-12,1373
2028-09-13,1500
2028-09-14,2682
2028-09-15,1453
2028-09-16,2208
2028-09-17,1219
2028-09-18,741
2028-09-19,2947
2028-09-20,1784
2028-09-21,2146
2028-09-22,1257
2028-09-23,3487
2028-09-24,751
2028-09-25,328
2028-09-26,1830
2028-09-27,156
2028-09-28,409
2028-09-29,2159
2028-09-30,2676
2028-10-01,1003
2028-10-02,695
2028-10-03,1194
2028-10-04,1550
2028-10-05,526
2028-10-06,296
2028-10-07,3503
2028-10-08,595
2028-10-09,610
2028-10-10,2010
2028-10-11,897
2028-10-12,1343
2028-10-13,1410
2028-10-14,1319
2028-10-15,995
2028-10-16,748
2028-10-17,1940
2028-10-18,797
2028-10-19,1686
2028-10-20,1125
2028-10-21,1364
2028-10-22,1248
2028-10-23,922
2028-10-24,1908
2028-10-25,1216
2028-10-26,1691
2028-10-27,471
2028-10-28,1538
2028-10-29,1866
2028-10-30,606
2028-10-31,1632
2028-11-01,1693
2028-11-02,2954
2028-11-03,1552
2028-11-04,2059
2028-11-05,2411
2028-11-06,212
2028-11-07,6970
2028-11-08,1813
2028-11-09,3270
2028-11-10,1308
2028-11-11,3204
2028-11-12,940
2028-11-13,1331
2028-11-14,3492
2028-11-15,1956
2028-11-16,3051
2028-11-17,1564
2028-11-18,2438
2028-11-19,1724
2028-11-20,1667
2028-11-21,5812
2028-11-22,2001
2028-11-23,5445
2028-11-24,1630
2028-11-25,2859
2028-11-26,1227
2028-11-27,204
2028-11-28,2518
2028-11-29,3696
2028-11-30,3523
2028-12-01,1153
2028-12-02,1871
2028-12-03,1026
2028-12-04,506
2028-12-05,579
2028-12-06,1320
2028-12-07,4129
2028-12-08,1127
2028-12-09,1829
2028-12-10,847
2028-12-11,556
2028-12-12,2332
2028-12-13,1595
2028-12-14,2876
2028-12-15,1493
2028-12-16,2250
2028-12-17,1216
2028-12-18,661
2028-12-19,3195
2028-12-20,1646
2028-12-21,2138
2028-12-22,1203
2028-12-23,3889
2028-12-24,882
2028-12-25,334
2028-12-26,1783
2028-12-27,145
2028-12-28,679
2028-12-29,2659
2028-12-30,2411
2028-12-31,2666
2029-01-01,857
2029-01-02,7208
2029-01-03,1337
2029-01-04,3855
2029-01-05,1760
2029-01-06,965
2029-01-07,4139
2029-01-08,1377
2029-01-09,4703
2029-01-10,2221
2029-01-11,2268
2029-01-12,1510
2029-01-13,4226
2029-01-14,1749
2029-01-15,1402
2029-01-16,4895
2029-01-17,2603
2029-01-18,2608
2029-01-19,2439
2029-01-20,3932
2029-01-21,1307
2029-01-22,1339
2029-01-23,7595
2029-01-24,2268
2029-01-25,3142
2029-01-26,2973
2029-01-27,3985
2029-01-28,2695
2029-01-29,1975
2029-01-30,5374
2029-01-31,1628
2029-02-01,3498
2029-02-02,1562
2029-02-03,1848
2029-02-04,1297
2029-02-05,688
2029-02-06,1694
2029-02-07,2935
2029-02-08,2321
2029-02-09,1191
2029-02-10,2191
2029-02-11,1048
2029-02-12,487
2029-02-13,4214
2029-02-14,1231
2029-02-15,1918
2029-02-16,1569
2029-02-17,2074
2029-02-18,1134
2029-02-19,863
2029-02-20,2888
2029-02-21,1138
2029-02-22,2493
2029-02-23,1685
2029-02-24,2278
2029-02-25,1400
2029-02-26,1500
2029-02-27,3459
2029-02-28,3230
2029-03-01,389
2029-03-02,859
2029-03-03,1958
2029-03-04,915
2029-03-05,193
2029-03-06,1147
2029-03-07,1865
2029-03-08,1262
2029-03-09,1050
2029-03-10,1308
2029-03-11,751
2029-03-12,452
2029-03-13,2682
2029-03-14,563
2029-03-15,1630
2029-03-16,844
2029-03-17,1730
2029-03-18,670
2029-03-19,597
2029-03-20,2225
2029-03-21,714
2029-03-22,1580
2029-03-23,1350
2029-03-24,1579
2029-03-25,830
2029-03-26,1073
2029-03-27,2284
2029-03-28,2248
2029-03-29,2494
2029-03-30,1005
2029-03-31,1043
2029-04-01,961
2029-04-02,438
2029-04-03,2400
2029-04-04,1224
2029-04-05,1610
2029-04-06,118
2029-04-07,3565
2029-04-08,326
2029-04-09,630
2029-04-10,1996
2029-04-11,899
2029-04-12,1165
2029-04-13,1353
2029-04-14,1514
2029-04-15,979
2029-04-16,801
2029-04-17,2358
2029-04-18,815
2029-04-19,1649
2029-04-20,1520
2029-04-21,1670
2029-04-22,1183
2029-04-23,1128
2029-04-24,2619
2029-04-25,1094
2029-04-26,2126
2029-04-27,581
2029-04-28,1701
2029-04-29,1976
2029-04-30,653
2029-05-01,3509
2029-05-02,1638
2029-05-03,1845
2029-05-04,1323
2029-05-05,1362
2029-05-06,759
2029-05-07,1828
2029-05-08,2351
2029-05-09,1438
2029-05-10,1811
2029-05-11,1049
2029-05-12,1652
2029-05-13,1837
2029-05-14,1135
2029-05-15,2970
2029-05-16,1547
2029-05-17,2170
2029-05-18,905
2029-05-19,2425
2029-05-20,991
2029-05-21,808
2029-05-22,2778
2029-05-23,2485
2029-05-24,2178
2029-05-25,977
2029-05-26,1199
2029-05-27,761
2029-05-28,418
2029-05-29,5205
2029-05-30,1736
2029-05-31,2495
2029-06-01,1494
2029-06-02,2377
2029-06-03,1526
2029-06-04,649
2029-06-05,5111
2029-06-06,803
2029-06-07,7612
2029-06-08,1860
2029-06-09,2308
2029-06-10,1214
2029-06-11,938
2029-06-12,2622
2029-06-13,3095
2029-06-14,2076
2029-06-15,2115
2029-06-16,2473
2029-06-17,1714
2029-06-18,974
2029-06-19,4266
2029-06-20,2497
2029-06-21,2439
2029-06-22,1980
2029-06-23,4728
2029-06-24,1153
2029-06-25,440
2029-06-26,3505
2029-06-27,144
2029-06-28,626
2029-06-29,3514
2029-06-30,2885
2029-07-01,3053
2029-07-02,315
2029-07-03,2561
2029-07-04,1442
2029-07-05,1893
2029-07-06,439
2029-07-07,5258
2029-07-08,915
2029-07-09,1072
2029-07-10,2082
2029-07-11,1196
2029-07-12,1624
2029-07-13,1656
2029-07-14,1958
2029-07-15,1279
2029-07-16,819
2029-07-17,2799
2029-07-18,1172
2029-07-19,2113
2029-07-20,1569
2029-07-21,1988
2029-07-22,1314
2029-07-23,1076
2029-07-24,2738
2029-07-25,1382
2029-07-26,2490
2029-07-27,460
2029-07-28,2130
2029-07-29,2582
2029-07-30,729
2029-07-31,2114
2029-08-01,1177
2029-08-02,3546
2029-08-03,843
2029-08-04,3604
2029-08-05,1481
2029-08-06,403
2029-08-07,7666
2029-08-08,2813
2029-08-09,3260
2029-08-10,1769
2029-08-11,2543
2029-08-12,1279
2029-08-13,1622
2029-08-14,3024
2029-08-15,1751
2029-08-16,2963
2029-08-17,1346
2029-08-18,2499
2029-08-19,1843
2029-08-20,1610
2029-08-21,5810
2029-08-22,1866
2029-08-23,5368
2029-08-24,1519
2029-08-25,3372
2029-08-26,1108
2029-08-27,269
2029-08-28,2208
2029-08-29,4070
2029-08-30,3495
2029-08-31,916
2029-09-01,1435
2029-09-02,499
2029-09-03,748
2029-09-04,1300
2029-09-05,1006
2029-09-06,930
2029-09-07,1921
2029-09-08,1262
2029-09-09,1180
2029-09-10,712
2029-09-11,2315
2029-09-12,862
2029-09-13,2618
2029-09-14,993
2029-09-15,2233
2029-09-16,782
2029-09-17,635
2029-09-18,1596
2029-09-19,984
2029-09-20,2495
2029-09-21,742
2029-09-22,2158
2029-09-23,2787
2029-09-24,851
2029-09-25,2356
2029-09-26,1069
2029-09-27,1518
2029-09-28,2165
2029-09-29,2853
2029-09-30,1327
2029-10-01,752
2029-10-02,2395
2029-10-03,782
2029-10-04,2369
2029-10-05,275
2029-10-06,392
2029-10-07,1951
2029-10-08,563
2029-10-09,2141
2029-10-10,1039
2029-10-11,1493
2029-10-12,788
2029-10-13,1896
2029-10-14,884
2029-10-15,805
2029-10-16,2333
2029-10-17,1274
2029-10-18,1350
2029-10-19,1108
2029-10-20,1893
2029-10-21,754
2029-10-22,688
2029-10-23,3029
2029-10-24,1029
2029-10-25,1592
2029-10-26,1186
2029-10-27,2111
2029-10-28,1332
2029-10-29,1108
2029-10-30,2272
2029-10-31,908
2029-11-01,2958
2029-11-02,1440
2029-11-03,3037
2029-11-04,940
2029-11-05,1729
2029-11-06,919
2029-11-07,3772
2029-11-08,2845
2029-11-09,1545
2029-11-10,2450
2029-11-11,1771
2029-11-12,860
2029-11-13,4869
2029-11-14,1798
2029-11-15,3240
2029-11-16,1574
2029-11-17,3591
2029-11-18,1252
2029-11-19,866
2029-11-20,3907
2029-11-21,1257
2029-11-22,3414
2029-11-23,2255
2029-11-24,3130
2029-11-25,1903
2029-11-26,2015
2029-11-27,4258
2029-11-28,4166
2029-11-29,6142
2029-11-30,1638
2029-12-01,1872
2029-12-02,1039
2029-12-03,617
2029-12-04,2667
2029-12-05,370
2029-12-06,2546
2029-12-07,2244
2029-12-08,1774
2029-12-09,971
2029-12-10,541
2029-12-11,2457
2029-12-12,1295
2029-12-13,2971
2029-12-14,962
2029-12-15,1938
2029-12-16,866
2029-12-17,628
2029-12-18,2208
2029-12-19,1211
2029-12-20,2893
2029-12-21,687
2029-12-22,2393
2029-12-23,2955
2029-12-24,816
2029-12-25,2652
2029-12-26,1119
2029-12-27,1674
2029-12-28,2322
2029-12-29,3188
2029-12-30,1204
2029-12-31,412
